{
    "1":{
        "Spawn1":{
            "x": 131.03121948242188,
            "y": -989.6233520507812,
            "z": 29.35209846496582
        },
        "Spawn2":{
            "x": 168.12452697753906,
            "y": -995.5804443359375,
            "z": 29.354185104370117
        },
        "Spawn3":{
            "x": 136.6728973388672,
            "y": -988.537841796875,
            "z": 29.355335235595703
        },
        "Spawn4":{
            "x": 139.36595153808594,
            "y": -955.367431640625,
            "z": 29.683889389038086
        },
        "Spawn5":{
            "x": 151.87660217285156,
            "y": -920.5578002929688,
            "z": 30.1065673828125
        },
        "Spawn6":{
            "x": 178.09918212890625,
            "y": -875.5635375976562,
            "z": 30.92080307006836
        },
        "Spawn7":{
            "x": 179.0377197265625,
            "y": -994.7080688476562,
            "z": 29.291824340820312
        },
        "Spawn8":{
            "x": 222.36068725585938,
            "y": -928.2314453125,
            "z": 30.68678855895996
        },
        "Spawn9":{
            "x": 208.74961853027344,
            "y": -1000.2320556640625,
            "z": 29.291845321655273
        },
        "Spawn10":{
            "x": 188.21112060546875,
            "y": -1013.4005737304688,
            "z": 29.313173294067383
        },
        "Spawn11":{
            "x": 196.31268310546875,
            "y": -994.8193359375,
            "z": 30.091928482055664
        },
        "Spawn12":{
            "x": 181.58792114257812,
            "y": -965.3744506835938,
            "z": 29.579233169555664
        },
        "Spawn13":{
            "x": 175.50537109375,
            "y": -937.67236328125,
            "z": 30.091909408569336
        },
        "Spawn14":{
            "x": 217.56028747558594,
            "y": -895.8761596679688,
            "z": 30.692686080932617
        },
        "Spawn15":{
            "x": 263.0151062011719,
            "y": -874.7175903320312,
            "z": 29.157180786132812
        },
        "Spawn16":{
            "x": 215.67333984375,
            "y": -934.7403564453125,
            "z": 24.14157485961914
        },
        "Spawn17":{
            "x": 151.9551544189453,
            "y": -963.4129028320312,
            "z": 30.09191131591797
        },
        "Spawn18":{
            "x": 212.05941772460938,
            "y": -957.2402954101562,
            "z": 30.441709518432617
        },
        "Spawn19":{
            "x": 237.21485900878906,
            "y": -905.8319091796875,
            "z": 28.893693923950195
        },
        "Spawn20":{
            "x": 201.71131896972656,
            "y": -880.2003784179688,
            "z": 31.498353958129883
        }
    },
    "lssupply":"",
    "schrottplatz":"",
    "burritocamp":""
}