{
    "vehicles":{
        "car":[
            "revolter",
            "jugular",
            "schafterg",
            "drafter",
            "kuruma",
            "bf400",
            "bati"
        ],
        "heli":[
            "supervolito",
            "buzzard2"
        ]
    },
    "gf":{
        "spawnpoint_car":{
            "x": 1355.943115234375,
            "y": -583.8056640625,
            "z": 73.80775451660156
        },
        "spawnpoint_heli":{
            "x": 1361.5745849609375,
            "y": -555.9656982421875,
            "z": 75.01403045654297
        },
        "rotation_car": {
            "x": -1.6569768190383911,
            "y": 2.576209306716919,
            "z": 36.605133056640625
        },
        "rotation_heli": {
            "x": 0.261731892824173,
            "y": -0.10802572965621948,
            "z": 156.8128662109375
        }
    },
    "ballas":{
        "spawnpoint_car":{
            "x": 95.22486114501953,
            "y": -1959.99560546875,
            "z": 20.319589614868164
        },
        "spawnpoint_heli":{
            "x": 80.54017639160156,
            "y": -1964.1016845703125,
            "z": 25.04252815246582
        },
        "rotation_car": {
            "x": 0.24701635539531708,
            "y": -0.08175310492515564,
            "z": 322.0119323730469
        },
        "rotation_heli": {
            "x": -0.2291136533021927,
            "y": 0.1835513412952423,
            "z": 320.9114074707031
        }
    },
    "lsv":{
        "spawnpoint_car":{
            "x": -1101.047607421875,
            "y": -1635.1873779296875,
            "z": 4.012470245361328
        },
        "spawnpoint_heli":{
            "x": -1091.5865478515625,
            "y": -1664.297607421875,
            "z": 12.293421745300293
        },
        "rotation_car": {
            "x": 1.4897527694702148,
            "y": -1.9473490715026855,
            "z": 24.09259033203125
        },
        "rotation_heli": {
            "x": -0.19556137919425964,
            "y": 0.22258871793746948,
            "z": 308.0918273925781
        }
    },
    "rednecks":{
        "spawnpoint_car":{
            "x": 2444.04052734375,
            "y": 5019.39697265625,
            "z": 45.824344635009766
        },
        "spawnpoint_heli":{
            "x": 2404.77978515625,
            "y": 5041.81201171875,
            "z": 46.67595672607422
        },
        "rotation_car": {
            "x": 1.3761558532714844,
            "y": -3.576122760772705,
            "z": 318.4482421875
        },
        "rotation_heli": {
            "x": -0.7055914402008057,
            "y": -0.7552757263183594,
            "z": 50.73272705078125
        }
    },
    "mg13":{
        "spawnpoint_car":{
            "x": 1164.0140380859375,
            "y": -1651.3585205078125,
            "z": 36.46868133544922
        },
        "spawnpoint_heli":{
            "x": 1157.14404296875,
            "y": -1638.677978515625,
            "z": 40.51229476928711
        },
        "rotation_car": {
            "x": -0.8364698886871338,
            "y": -1.3219822645187378,
            "z": 187.42141723632812
        },
        "rotation_heli": {
            "x": 0.2587350308895111,
            "y": 0.10322340577840805,
            "z": 202.3892364501953
        }
    },
    "lcn":{
        "spawnpoint_car":{
            "x": -1524.5728759765625,
            "y": 83.2154541015625,
            "z": 56.07805633544922
        },
        "spawnpoint_heli":{
            "x": -1527.7325439453125,
            "y": 73.1784439086914,
            "z": 61.99008560180664
        },
        "rotation_car": {
            "x": 1.7569307088851929,
            "y": -0.5938776135444641,
            "z": 4.76739501953125
        },
        "rotation_heli": {
            "x": 0.025247447192668915,
            "y": -0.2807845175266266,
            "z": 96.76150512695312
        }
    },
    "triaden":{
        "spawnpoint_car":{
            "x": 1355.21435546875,
            "y": 1152.98486328125,
            "z": 113.26753234863281
        },
        "spawnpoint_heli":{
            "x": 1372.667236328125,
            "y": 1127.633544921875,
            "z": 114.68614196777344
        },
        "rotation_car": {
            "x": -0.030850740149617195,
            "y": 0.06096496805548668,
            "z": 116.8685302734375
        },
        "rotation_heli": {
            "x": 1.7117153406143188,
            "y": 0.6113871932029724,
            "z": 31.37017822265625
        }
    },
    "lost":{
        "spawnpoint_car":{
            "x": 1977.29638671875,
            "y": 3037.828369140625,
            "z": 46.63004684448242
        },
        "spawnpoint_heli":{
            "x": 1983.329833984375,
            "y": 3022.694580078125,
            "z": 52.38050079345703
        },
        "rotation_car": {
            "x": 0.14620868861675262,
            "y": 0.09920088201761246,
            "z": 58.174407958984375
        },
        "rotation_heli": {
            "x": -0.5066964626312256,
            "y": 0.19194169342517853,
            "z": 327.1651916503906
        }
    }
}